{
    "results": [
        {
            "id": "1",
            "name": "RDJ",
            "movies": "100"
        },
        {
            "id": "2",
            "name": "Tom Holland",
            "movies": "3"
        },
        {
            "id": "3",
            "name": "Benedict Cumberbatch",
            "movies": "10"
        },
        {
            "id": "4",
            "name": "Chris Hemsworth",
            "movies": "30"
        },
        {
            "id": "5",
            "name": "Chris Evans",
            "movies": "20"
        }
    ],
    "area": [
        {
            "code": "CBF003",
            "name": "동아시아 (East Asia)",
            "name_en": "East Asia",
            "name_id": "Asia Timur",
            "country": [
                {
                    "code": "CCBF001",
                    "name": "일본",
                    "name_en": "Japan",
                    "name_id": null,
                    "location": [
                        {
                            "name": "도쿄 (Tokyo)",
                            "name_en": "Tokyo",
                            "name_id": "Tokyo",
                            "slug": "Tokyo",
                            "pic": "Tokyo.jpg"
                        },
                        {
                            "name": "오사카 (Osaka)",
                            "name_en": "Osaka",
                            "name_id": "Osaka",
                            "slug": "Osaka",
                            "pic": "Osaka.jpg"
                        },
                        {
                            "name": "오키나와 (Okinawa)",
                            "name_en": "Okinawa",
                            "name_id": "Okinawa",
                            "slug": "Okinawa",
                            "pic": "Okinawa.jpg"
                        },
                        {
                            "name": "나고야 (Nagoya)",
                            "name_en": "Nagoya",
                            "name_id": "Nagoya",
                            "slug": "Nagoya",
                            "pic": "Nagoya.jpg"
                        },
                        {
                            "name": "후쿠오카 (Fukuoka)",
                            "name_en": "Fukuoka",
                            "name_id": "Fukuoka",
                            "slug": "Fukuoka",
                            "pic": "Fukuoka.jpg"
                        },
                        {
                            "name": "교토 (Kyoto)",
                            "name_en": "Kyoto",
                            "name_id": "Kyoto",
                            "slug": "Kyoto",
                            "pic": "Kyoto.jpg"
                        },
                        {
                            "name": "가고시마 (Kagoshima)",
                            "name_en": "Kagoshima",
                            "name_id": "Kagoshima",
                            "slug": "Kagoshima",
                            "pic": "Kagoshima.jpg"
                        },
                        {
                            "name": "홋카이도 (Hokkaido)",
                            "name_en": "Hokkaido",
                            "name_id": "Hokkaido",
                            "slug": "Hokkaido",
                            "pic": "Hokkaido.jpg"
                        }
                    ]
                },
                {
                    "code": "CCBF002",
                    "name": "홍콩 & 마카오",
                    "name_en": "Hong Kong & Macau",
                    "name_id": null,
                    "location": [
                        {
                            "name": "홍콩 (Hong Kong)",
                            "name_en": "Hong Kong",
                            "name_id": "Hong Kong",
                            "slug": "Hong-Kong",
                            "pic": "Hong-Kong.jpg"
                        },
                        {
                            "name": "마카오 (Macau)",
                            "name_en": "Macau",
                            "name_id": "Macau",
                            "slug": "Macau",
                            "pic": "Macau.jpg"
                        }
                    ]
                },
                {
                    "code": "CCBF006",
                    "name": "대만",
                    "name_en": "Taiwan",
                    "name_id": null,
                    "location": [
                        {
                            "name": "타이페이 (Taipei)",
                            "name_en": "Taipei",
                            "name_id": "Taipei",
                            "slug": "Taipei",
                            "pic": "Taipei.jpg"
                        }
                    ]
                },
                {
                    "code": "CCBF007",
                    "name": "한국",
                    "name_en": "South Korea",
                    "name_id": null,
                    "location": [
                        {
                            "name": "서울 (Seoul)",
                            "name_en": "Seoul",
                            "name_id": "Seoul",
                            "slug": "Seoul",
                            "pic": "Seoul.jpg"
                        },
                        {
                            "name": "제주도 (Jeju Island)",
                            "name_en": "Jeju Island",
                            "name_id": "Jeju Island",
                            "slug": "Jeju-Island",
                            "pic": "Jeju-Island.jpg"
                        },
                        {
                            "name": "부산 (Busan)",
                            "name_en": "Busan",
                            "name_id": "Busan",
                            "slug": "Busan",
                            "pic": "Busan.jpg"
                        },
                        {
                            "name": "강원 (Gangwon)",
                            "name_en": "Gangwon",
                            "name_id": "Gangwon",
                            "slug": "Gangwon",
                            "pic": "Gangwon.jpg"
                        },
                        {
                            "name": "경기도 (Gyeonggi)",
                            "name_en": "Gyeonggi",
                            "name_id": "Gyeonggi",
                            "slug": "Gyeonggi",
                            "pic": "Gyeonggi.jpg"
                        },
                        {
                            "name": "단양군 (Danyang)",
                            "name_en": "Danyang",
                            "name_id": "Danyang",
                            "slug": "Danyang",
                            "pic": "Danyang.jpg"
                        }
                    ]
                },
                {
                    "code": "CCBF010",
                    "name": "중국",
                    "name_en": "China",
                    "name_id": null,
                    "location": [
                        {
                            "name": "상하이 (Shanghai)",
                            "name_en": "Shanghai",
                            "name_id": "Shanghai",
                            "slug": "Shanghai",
                            "pic": "Shanghai.jpg"
                        },
                        {
                            "name": "베이징 (Beijing)",
                            "name_en": "Beijing",
                            "name_id": "Beijing",
                            "slug": "Beijing",
                            "pic": "Beijing.jpg"
                        },
                        {
                            "name": "광저우 (Guangzhou)",
                            "name_en": "Guangzhou",
                            "name_id": "Guangzhou",
                            "slug": "Guangzhou",
                            "pic": "Guangzhou.jpg"
                        }
                    ]
                }
            ]
        },
        {
            "code": "CBF004",
            "name": "동남아시아 (South East Asia)",
            "name_en": "South East Asia",
            "name_id": "Asia Tenggara",
            "country": [
                {
                    "code": "CCBF003",
                    "name": "싱가포르",
                    "name_en": "Singapore",
                    "name_id": null,
                    "location": [
                        {
                            "name": "싱가포르 (Singapore)",
                            "name_en": "Singapore",
                            "name_id": "Singapore",
                            "slug": "Singapore",
                            "pic": "Singapore.jpg"
                        }
                    ]
                },
                {
                    "code": "CCBF004",
                    "name": "태국",
                    "name_en": "Thailand",
                    "name_id": null,
                    "location": [
                        {
                            "name": "방콕 (Bangkok)",
                            "name_en": "Bangkok",
                            "name_id": "Bangkok",
                            "slug": "Bangkok",
                            "pic": "Bangkok.jpg"
                        },
                        {
                            "name": "파타야 (Pattaya)",
                            "name_en": "Pattaya",
                            "name_id": "Pattaya",
                            "slug": "Pattaya",
                            "pic": "Pattaya.jpg"
                        },
                        {
                            "name": "치앙마이 (Chiang Mai)",
                            "name_en": "Chiang Mai",
                            "name_id": "Chiang Mai",
                            "slug": "Chiang-Mai",
                            "pic": "Chiang-Mai.jpg"
                        },
                        {
                            "name": "코 사무이 (Koh Samui)",
                            "name_en": "Koh Samui",
                            "name_id": "Koh Samui",
                            "slug": "Koh-Samui",
                            "pic": "Koh-Samui.jpg"
                        },
                        {
                            "name": "푸켓 (Phuket)",
                            "name_en": "Phuket",
                            "name_id": "Phuket",
                            "slug": "Phuket",
                            "pic": "Phuket.jpg"
                        }
                    ]
                },
                {
                    "code": "CCBF005",
                    "name": "인도네시아",
                    "name_en": "Indonesia",
                    "name_id": null,
                    "location": [
                        {
                            "name": "발리 (Bali)",
                            "name_en": "Bali",
                            "name_id": "Bali",
                            "slug": "Bali",
                            "pic": "Bali.jpg"
                        }
                    ]
                },
                {
                    "code": "CCBF009",
                    "name": "말레이시아",
                    "name_en": "Malaysia",
                    "name_id": null,
                    "location": [
                        {
                            "name": "쿠알라룸푸르 (Kuala Lumpur)",
                            "name_en": "Kuala Lumpur",
                            "name_id": "Kuala Lumpur",
                            "slug": "Kuala-Lumpur",
                            "pic": "Kuala-Lumpur.jpg"
                        },
                        {
                            "name": "코타키나발루 (Kota Kinabalu)",
                            "name_en": "Kota Kinabalu",
                            "name_id": "Kota Kinabalu",
                            "slug": "Kota-Kinabalu",
                            "pic": "Kota-Kinabalu.jpg"
                        }
                    ]
                },
                {
                    "code": "CCBF010",
                    "name": "필리핀",
                    "name_en": "Philippines",
                    "name_id": null,
                    "location": [
                        {
                            "name": "보라카이 (Boracay)",
                            "name_en": "Boracay",
                            "name_id": "Boracay",
                            "slug": "Boracay",
                            "pic": "Boracay.jpg"
                        },
                        {
                            "name": "세부 (Cebu)",
                            "name_en": "Cebu",
                            "name_id": "Cebu",
                            "slug": "Cebu",
                            "pic": "Cebu.jpg"
                        },
                        {
                            "name": "보홀 (Bohol)",
                            "name_en": "Bohol",
                            "name_id": "Bohol",
                            "slug": "Bohol",
                            "pic": "Bohol.jpg"
                        },
                        {
                            "name": "마닐라 (Manila)",
                            "name_en": "Manila",
                            "name_id": "Manila",
                            "slug": "Manila",
                            "pic": "Manila.jpg"
                        },
                        {
                            "name": "팔라완 (Palawan)",
                            "name_en": "Palawan",
                            "name_id": "Palawan",
                            "slug": "Palawan",
                            "pic": "Palawan.jpg"
                        }
                    ]
                },
                {
                    "code": "CCBF011",
                    "name": "베트남",
                    "name_en": "Vietnam",
                    "name_id": null,
                    "location": [
                        {
                            "name": "다낭 (Danang)",
                            "name_en": "Danang",
                            "name_id": "Danang",
                            "slug": "Danang",
                            "pic": "Danang.jpg"
                        },
                        {
                            "name": "나트랑 (Nha Trang)",
                            "name_en": "Nha Trang",
                            "name_id": "Nha Trang",
                            "slug": "Nha-Trang",
                            "pic": "Nha-Trang.jpg"
                        },
                        {
                            "name": "하노이 (Hanoi)",
                            "name_en": "Hanoi",
                            "name_id": "Hanoi",
                            "slug": "Hanoi",
                            "pic": "Hanoi.jpg"
                        }
                    ]
                }
            ]
        }
    ],
    "lokasi": [
        {
            "name": "도쿄 (Tokyo)",
            "name_en": "Tokyo",
            "name_id": "Tokyo",
            "slug": "Tokyo",
            "pic": "Tokyo.jpg"
        },
        {
            "name": "오사카 (Osaka)",
            "name_en": "Osaka",
            "name_id": "Osaka",
            "slug": "Osaka",
            "pic": "Osaka.jpg"
        },
        {
            "name": "오키나와 (Okinawa)",
            "name_en": "Okinawa",
            "name_id": "Okinawa",
            "slug": "Okinawa",
            "pic": "Okinawa.jpg"
        },
        {
            "name": "나고야 (Nagoya)",
            "name_en": "Nagoya",
            "name_id": "Nagoya",
            "slug": "Nagoya",
            "pic": "Nagoya.jpg"
        },
        {
            "name": "후쿠오카 (Fukuoka)",
            "name_en": "Fukuoka",
            "name_id": "Fukuoka",
            "slug": "Fukuoka",
            "pic": "Fukuoka.jpg"
        },
        {
            "name": "교토 (Kyoto)",
            "name_en": "Kyoto",
            "name_id": "Kyoto",
            "slug": "Kyoto",
            "pic": "Kyoto.jpg"
        },
        {
            "name": "가고시마 (Kagoshima)",
            "name_en": "Kagoshima",
            "name_id": "Kagoshima",
            "slug": "Kagoshima",
            "pic": "Kagoshima.jpg"
        },
        {
            "name": "홋카이도 (Hokkaido)",
            "name_en": "Hokkaido",
            "name_id": "Hokkaido",
            "slug": "Hokkaido",
            "pic": "Hokkaido.jpg"
        }
    ]
}